Museum,Cat,Country,State,Locality,loc,Lat,Long,Taxon,sub,Juv,Sex,Wing,Tail,Tarsus,length,low_len,depth,width,brightness,hue,chroma,Notes,c1,c2,c3,c4,c5,c6,c7,c8,c9,c10,c11,c12,c13,c14,c15,c16,c17,c18,c19,c20
USNM,144673,Mexico,Veracruz-Llave,Jico,2,,,concolor,1,0,0,155,178,39.5,19.8,17.1,10.5,10.2,-4.0732,4.3664,-2.1916,"Underdeveloped tarsus, missing toe (not broken)",10.725,14.4625,16.7375,17.463,16.8735,15.534,14.038,12.6115,11.253,10.237,9.47,8.927,8.5655,8.2995,8.2465,7.906,8.1455,8.22,8.264,8.901
USNM,144674,Mexico,Veracruz-Llave,Jico,2,,,concolor,1,0,1,164,181,40,19,17,10.4,9.4,-5.1951,0.9327,-1.6792,,11.532,18.3485,21.517,22.523,21.558,19.495,16.888,14.0615,11.3345,9.2,7.4225,6.1875,5.2515,4.5635,4.114,3.07,2.3745,1.858,0.28,-1.253
USNM,144675,Mexico,Veracruz-Llave,Jico,2,,,concolor,1,0,0,161,182,38.5,20.6,18.8,10.6,10.2,-0.0119,2.9579,-0.4323,,20.9205,28.635,30.569,29.533,26.9245,23.7965,20.718,17.595,15.001,13.0925,11.621,10.713,10.0335,9.655,9.743,9.7775,9.709,9.455,9.177,9.7725
USNM,144676,Mexico,Veracruz-Llave,Jico,2,,,concolor,1,0,1,153,171,41.5,19.1,17.5,10.1,9.3,-0.221,2.8111,-1.3171,,18.479,25.252,27.9815,27.891,26.241,23.797,21.0865,18.3745,15.893,13.809,12.169,11.005,10.1505,9.477,9.244,8.93,8.908,8.224,7.7405,7.2955
USNM,144677,Mexico,Veracruz-Llave,Jico,2,,,concolor,1,0,0,156,176,40,20.3,18,10.1,9.5,-0.5185,4.2991,-1.1349,,17.6605,24.012,25.78,25.195,23.465,21.1055,18.7295,16.398,14.381,12.973,11.866,11.1535,10.768,10.587,10.6685,10.606,10.898,11.0935,11.8735,12.682
USNM,144678,Mexico,Veracruz-Llave,Jico,2,,,concolor,1,0,0,151,170,41.9,19.2,17.2,9.8,9.5,-0.0248,4.9768,-0.6706,,20.8915,25.2875,25.918,24.7645,22.835,20.559,18.3215,16.2335,14.424,13.1165,12.2405,11.698,11.297,11.1095,11.4875,11.955,12.7795,13.5915,14.115,15.9285
USNM,144679,Mexico,Veracruz-Llave,Jico,2,,,concolor,1,0,0,166,182,42.9,18.6,17.2,9.3,8.9,-1.3812,2.8662,-0.8667,,16.068,24.2515,27.722,27.9285,26.137,23.206,19.9545,16.812,14.06,12.004,10.518,9.3035,8.5825,8.144,8.1335,8.245,8.8045,9.663,10.003,10.8555
USNM,144680,Mexico,Veracruz-Llave,Jico,2,,,concolor,1,0,0,156,178,42,18.5,17.1,9.6,9.1,1.3307,2.9116,-0.6847,,20.857,29.117,32.318,32.1095,29.961,26.975,23.5035,20.107,17.1615,14.7905,12.8675,11.5575,10.8655,10.372,10.1265,9.908,10.0555,10.7035,11.8515,13.241
MLZ,33381,Mexico,Oaxaca,Totontepec,1,17.257033,-96.028668,oaxacae,2,0,1,158,175,36.6,20,18.5,10,9.5,-4.0931,2.2222,0.0377,,18.481,24.772,25.645,24.0835,21.309,18.314,15.303,12.6395,10.409,8.8275,7.6935,6.887,6.308,6.0355,5.9155,5.862,5.7185,6.2085,7.353,8.3965
MLZ,33382,Mexico,Oaxaca,Totontepec,1,17.257033,-96.028668,oaxacae,2,0,0,160,170,37.8,20.6,18.9,10.5,9.2,-4.5865,2.9144,-0.0655,,16.463,22.969,23.7805,22.2735,19.7495,16.773,13.933,11.4685,9.52,8.1585,7.224,6.6245,6.291,6.2355,6.355,6.4425,6.766,7.5035,8.3375,10.2735
MLZ,33383,Mexico,Oaxaca,Totontepec,1,17.257033,-96.028668,oaxacae,2,0,1,156,173,37.5,20.5,18.5,10.1,9.5,-1.4444,1.1412,1.3531,,26.1145,34.69,35.2135,32.432,28.3125,23.674,19.227,15.6055,12.738,10.6215,9.129,8.105,7.437,6.822,6.4655,6.494,6.639,7.16,7.6825,8.416
MLZ,33384,Mexico,Oaxaca,Totontepec,1,17.257033,-96.028668,oaxacae,2,0,1,147,161,38.2,20,18.2,9.8,9.3,-3.2434,1.0337,0.7898,,22.183,29.982,30.8045,28.6945,25.3385,21.3745,17.5575,14.111,11.304,9.2525,7.719,6.6915,6.004,5.4955,5.2745,5.1935,5.0755,5.511,5.7005,5.8535
MLZ,33385,Mexico,Oaxaca,Totontepec,1,17.257033,-96.028668,oaxacae,2,0,1,158,170,38.7,20.6,19.7,9.6,9.3,-3.4821,2.1976,-0.1088,,19.247,25.44,26.182,24.774,22.0725,18.9435,15.9955,13.302,11.1145,9.578,8.4265,7.6485,7.033,6.6105,6.404,6.2565,6.3305,6.2215,5.765,6.831
MLZ,33386,Mexico,Oaxaca,Totontepec,1,17.257033,-96.028668,oaxacae,2,0,0,153.1,162,38.2,21.4,18.6,10.1,8.5,-0.8336,2.5744,-0.3589,,21.811,28.4085,29.4715,27.95,25.425,22.32,19.22,16.509,14.2635,12.5025,11.121,10.2315,9.6405,9.0255,8.602,8.124,7.9765,8.1955,7.881,8.112
MLZ,33387,Mexico,Oaxaca,Totontepec,1,17.257033,-96.028668,oaxacae,2,0,1,166,168,37.5,19.5,18.4,10.3,9.1,-8.0294,2.705,-1.4139,Nape patch scarce,9.9515,13.7445,14.541,13.739,12.472,10.988,9.538,8.132,6.9225,5.9685,5.213,4.772,4.355,4.1885,4.171,3.6255,3.1275,3.0575,2.8275,1.925
MLZ,33556,Mexico,Oaxaca,Moctum,2,17.247789,-96.004919,oaxacae,2,0,0,157,162,39.5,20.4,17.3,9.6,9.1,-0.7118,1.1052,0.6139,,25.9255,33.545,34.3805,32.104,28.448,24.324,20.406,16.8945,14.08,11.9795,10.3625,9.317,8.507,7.8925,7.5375,7.1045,6.462,5.7615,4.7385,4.0265
MLZ,33557,Mexico,Oaxaca,Moctum,2,17.247789,-96.004919,oaxacae,2,0,0,152.9,162,35.2,18.7,16.9,9.9,9.1,-5.5338,0.6242,-0.3889,Beak discoloration indicates juvenility but no gray patches on the wings. ,16.17,23.26,24.664,23.578,21.261,18.2435,15.2925,12.477,9.9905,8.0325,6.4525,5.3615,4.567,3.9015,3.472,2.962,2.226,1.905,1.073,-0.525
MLZ,33558,Mexico,Oaxaca,Moctum,2,17.247789,-96.004919,oaxacae,2,0,0,152.1,163,36,19.2,17.1,10.4,8.8,-1.0431,0.2806,1.5063,,30.114,37.1955,36.8305,33.4115,28.841,24.1505,20.058,16.444,13.429,11.1385,9.3735,8.435,7.6965,6.98,6.6735,5.987,5.243,4.3805,3.525,2.0755
MLZ,33577,Mexico,Oaxaca,Moctum,2,17.247789,-96.004919,oaxacae,2,0,1,157,170,38,20.3,17.5,10,9.6,-0.6517,1.8825,0.667,,25.04,32.534,33.354,31.2065,27.9245,24.1495,20.1965,16.758,13.919,11.8905,10.4,9.3215,8.5095,8.072,7.9805,7.927,8.067,8.4785,8.351,8.927
MLZ,33578,Mexico,Oaxaca,Moctum,2,17.247789,-96.004919,oaxacae,2,0,1,150,164,37.8,19.3,17.7,9.6,9,-2.0289,2.3756,0.4841,,24.0785,29.2575,29.282,26.926,23.9745,20.5675,17.502,14.7575,12.369,10.753,9.49,8.5925,7.9925,7.504,7.5385,7.604,7.817,8.434,7.9845,8.3805
MLZ,33579,Mexico,Oaxaca,Moctum,2,17.247789,-96.004919,oaxacae,2,0,1,148,160,36.5,20.3,18.1,10.2,9.6,-2.845,1.9189,0.2662,,20.7045,27.7635,28.7055,26.912,24.371,21.009,17.473,14.3685,11.7405,9.805,8.465,7.596,6.959,6.5935,6.5915,6.505,6.777,7.234,6.7045,6.4295
MLZ,33580,Mexico,Oaxaca,Moctum,2,17.247789,-96.004919,oaxacae,2,0,1,154,169,38.2,19.2,18.4,9.2,9.2,-2.8738,1.2536,-0.1305,Beak chipped,17.9855,26.583,29.201,28.528,26.325,22.958,19.203,15.67,12.558,10.238,8.3855,7.161,6.302,5.7185,5.61,5.522,5.7615,6.0605,6.072,5.7155
MLZ,33581,Mexico,Oaxaca,Moctum,2,17.247789,-96.004919,oaxacae,2,0,0,159,174,36.4,23.3,20.1,10.5,8.4,-1.3183,1.554,1.2042,,26.5535,33.677,34.0455,31.283,27.4645,23.1225,19.026,15.499,12.7275,10.7525,9.292,8.4515,7.87,7.4685,7.37,7.166,7.2865,7.884,7.3655,7.791
MLZ,33582,Mexico,Oaxaca,Moctum,2,17.247789,-96.004919,oaxacae,2,0,1,153.5,168,37,18.7,17.7,10.6,9.6,-0.6029,2.1498,-0.1304,,24.209,29.9035,30.628,28.743,26.0345,23,19.939,17.0415,14.4425,12.6,11.116,10.1865,9.367,8.9515,8.786,8.2255,7.985,7.5935,5.7795,4.1095
MLZ,33583,Mexico,Oaxaca,Moctum,2,17.247789,-96.004919,oaxacae,2,0,0,158,168,39,20.7,18.5,10.5,9.4,-1.4881,1.6813,0.4223,,24.147,31.0645,31.7655,29.5485,26.1625,22.145,18.598,15.5725,12.975,11.1595,9.7605,8.9935,8.4305,7.888,7.62,7.2735,6.9355,6.7185,5.211,3.534
MLZ,33584,Mexico,Oaxaca,Moctum,2,17.247789,-96.004919,oaxacae,2,0,1,160,165,37.5,19.3,18.2,10.4,9.6,-0.4378,3.2802,0.1324,,23.216,29.41,30.152,28.551,25.632,22.2195,19.0295,16.1055,13.791,12.2675,11.159,10.327,9.8215,9.566,9.6075,9.768,9.992,10.7585,10.9865,11.171
MLZ,33586,Mexico,Oaxaca,Moctum,2,17.247789,-96.004919,oaxacae,2,0,0,152,165,38.8,20.8,18.6,10.5,9.9,0.2787,1.0506,1.3442,,27.6105,37.103,38.1035,35.8585,31.867,27.095,22.4,18.2965,14.808,12.3585,10.4985,9.2455,8.463,7.837,7.4485,7.6165,7.7125,8.29,9.07,9.5675
MLZ,33588,Mexico,Oaxaca,Moctum,2,17.247789,-96.004919,oaxacae,2,0,0,146.1,151,38,18.5,17.1,10.2,9.2,1.7841,2.1481,0.7689,,27.3825,36.1385,37.4635,35.545,32.0825,27.8905,23.659,19.84,16.535,14.13,12.425,11.271,10.3685,9.9295,9.817,9.708,9.9125,10.962,11.4265,12.022
MLZ,33591,Mexico,Oaxaca,Moctum,2,17.247789,-96.004919,oaxacae,2,0,1,153,157,38.2,19.6,17.4,9.5,8.5,-0.7214,2.0555,1.4147,,28.1825,35.0175,34.6125,31.5625,27.2455,22.8505,18.8585,15.5385,12.9725,11.289,9.9465,9.0205,8.55,8.369,8.2725,8.461,8.3995,8.72,9.3625,10.0085
MLZ,33593,Mexico,Oaxaca,Moctum,2,17.247789,-96.004919,oaxacae,2,0,0,152.4,159,38.5,18.9,17.4,10,9.8,-4.1553,1.2099,1.3184,,22.4655,30.289,30.511,27.81,23.8505,19.523,15.4125,12.1265,9.5125,7.7675,6.5175,5.7295,5.274,5.0115,4.9115,4.99,5.017,6.0085,6.605,6.1885
MLZ,51131,Mexico,Oaxaca,Moctum,2,17.247789,-96.004919,oaxacae,2,0,0,157,165,39.3,20,18.2,10.3,9.6,1.1268,1.9479,1.4274,,30.3165,37.863,37.6025,34.86,30.762,26.3295,22.162,18.395,15.4235,13.213,11.4775,10.361,9.693,9.3715,9.298,9.3085,9.402,10.3015,10.9525,11.331
MLZ,51132,Mexico,Oaxaca,Moctum,2,17.247789,-96.004919,oaxacae,2,0,1,151,162,39.1,20.6,18.8,10.2,9.6,-0.9202,1.8775,1.6815,,28.7255,35.9575,35.4355,31.808,27.3165,22.752,18.569,15.134,12.5615,10.819,9.5435,8.748,8.2105,7.9475,8.076,8.1285,8.1165,8.83,9.1985,9.333
MLZ,51133,Mexico,Oaxaca,Moctum,2,17.247789,-96.004919,oaxacae,2,0,0,156,172,38.6,20.3,18.7,10.2,9.7,-0.1144,2.6983,0.4958,,24.0265,31.781,32.872,31.0405,27.8305,24.056,20.1855,16.7725,14.096,12.285,10.9065,10.0525,9.4995,9.288,9.319,9.2745,9.217,9.9975,10.975,12.0325
MLZ,51134,Mexico,Oaxaca,Moctum,2,17.247789,-96.004919,oaxacae,2,0,0,155,174,39.5,18.6,18.8,10.1,9.6,-1.4813,1.6724,1.0785,The tip of the upper beak is broken,24.122,33.242,34.132,31.5465,27.394,23.023,18.85,15.312,12.513,10.5735,9.239,8.3115,7.685,7.4035,7.237,7.1265,7.1585,7.8695,8.6145,9.5755
MLZ,51135,Mexico,Oaxaca,Moctum,2,17.247789,-96.004919,oaxacae,2,0,0,154,170,38.6,20,18.4,10.2,9.6,-4.8968,0.8955,1.1694,,21.1425,28.7295,29.5195,27.051,23.178,18.8815,14.9135,11.577,9.074,7.2565,5.886,5.0655,4.5155,4.1895,3.9445,3.9105,4.3165,5.036,5.0305,5.062
MCZ,172530,Mexico,Guerrero,Omilteme,1,17.5507478,-99.666987,guerrerensis,3,0,0,168,195,41.5,23.5,22.3,11.6,10.2,3.5003,0.1074,3.1043,,37.3625,50.6705,50.475,45.15,38.5045,31.6525,25.6385,20.8965,17.089,14.465,12.598,11.058,10.155,9.513,9.2115,9.1745,8.7635,8.9065,9.202,9.96
MCZ,172531,Mexico,Guerrero,Omilteme,1,17.5507478,-99.666987,guerrerensis,3,0,0,165,193,42.8,23.9,21.7,11.5,10.3,-3.5609,-2.7635,1.6768,,27.6895,38.4745,39.2575,35.3675,29.7695,23.667,18.71,14.6675,11.335,8.895,6.8225,5.475,4.507,3.1925,2.331,0.8385,-1.196,-2.836,-7.2395,-13.246
MCZ,172533,Mexico,Guerrero,Omilteme,1,17.5507478,-99.666987,guerrerensis,3,0,1,168,195,43.6,22.2,20.4,11.6,10.5,-0.5724,1.5615,1.1892,,25.8335,35.14,36.1665,33.34,29.0655,24.3805,19.9125,16.361,13.5405,11.544,10.115,9.03,8.3115,7.9625,7.7265,7.51,7.837,8.2835,8.497,9.457
MCZ,172534,Mexico,Guerrero,Omilteme,1,17.5507478,-99.666987,guerrerensis,3,0,1,175,194,43.8,22.5,20.5,11,10.5,3.8591,0.6213,2.5448,,35.36,47.4975,48.6045,45.011,39.0115,32.5815,26.4455,21.551,17.8135,14.989,13.0535,11.583,10.661,10.229,9.9885,9.6055,9.736,10.288,10.373,11.594
MCZ,172535,Mexico,Guerrero,Omilteme,1,17.5507478,-99.666987,guerrerensis,3,0,1,173,180,41.9,21.5,20.5,10.9,9.8,0.1363,1.9741,0.7375,,23.916,34.3615,36.0745,33.927,29.971,25.255,20.6725,17.0245,14.382,12.3585,10.945,10.0525,9.3375,8.919,8.724,8.5785,8.357,8.963,9.365,10.26
MCZ,172536,Mexico,Guerrero,Omilteme,1,17.5507478,-99.666987,guerrerensis,3,0,0,170,200.4,42.7,23.6,21,11.1,10.7,-0.9573,-0.4035,2.6318,,33.5695,42.5945,41.4895,36.5965,30.4265,24.458,19.5675,15.7275,12.6965,10.484,8.946,7.8545,7.094,6.409,5.9625,5.362,4.4575,4.216,3.787,2.241
MCZ,172537,Mexico,Guerrero,Omilteme,1,17.5507478,-99.666987,guerrerensis,3,0,1,170,187,42.5,21.4,21.2,11.2,10,3.0519,2.2075,1.7514,Beak chipped,32.108,42.1915,42.494,38.8735,33.917,28.6685,23.7975,19.8425,16.834,14.666,13.2485,12.1585,11.397,11.013,10.833,10.819,11.29,12.0655,12.625,13.9175
MCZ,172538,Mexico,Guerrero,Omilteme,1,17.5507478,-99.666987,guerrerensis,3,0,0,175,199,42.4,22.5,20.5,10.8,9.5,-1.0863,-1.5413,2.6525,,33.675,43.7185,43.4515,38.7265,32.1945,25.849,20.545,16.2965,12.938,10.564,8.7065,7.4235,6.443,5.4125,4.79,3.9245,2.8235,1.6565,0.1715,-1.8175
MCZ,172539,Mexico,Guerrero,Omilteme,1,17.5507478,-99.666987,guerrerensis,3,0,1,166,190,42.5,22.9,21.6,10.8,9.5,2.7559,-1.4341,2.2905,,38.0015,48.6845,48.6515,43.998,37.6735,31.2245,25.74,21.0605,17.32,14.7225,12.45,11.0205,9.9785,8.7965,8.13,6.9475,4.855,3.0955,-0.216,-4.5395
MCZ,172541,Mexico,Guerrero,Omilteme,1,17.5507478,-99.666987,guerrerensis,3,0,1,171,191,42.3,22,20.4,11,10.4,-1.0218,0.0644,2.2041,,28.044,39.4695,40.6815,37.55,32.0165,25.8865,20.4565,16.0495,12.732,10.359,8.728,7.506,6.6625,6.1995,5.8895,5.6795,5.685,6.314,6.4655,7.498
MCZ,172542,Mexico,Guerrero,Omilteme,1,17.5507478,-99.666987,guerrerensis,3,0,0,170,184,41.1,22.4,19.9,10.1,9.5,-1.4975,0.3498,2.5827,,30.2515,40.5515,39.8375,35.298,29.515,23.76,18.747,14.7745,11.859,9.767,8.2685,7.2205,6.449,6.168,6.0605,6.1065,6.1945,6.1235,6.3145,7.0465
MCZ,172543,Mexico,Guerrero,Omilteme,1,17.5507478,-99.666987,guerrerensis,3,0,0,163,193,41.6,21.7,20.6,11,10,2.3371,0.5741,2.4299,,35.4565,45.283,45.2205,40.9395,35.1605,29.0115,23.666,19.4435,16.071,13.6685,12.043,10.891,9.989,9.4205,9.1265,8.7035,8.254,8.084,7.7315,8.251
MCZ,172544,Mexico,Guerrero,Omilteme,1,17.5507478,-99.666987,guerrerensis,3,0,0,172,186,41.5,22.4,20.1,11,10.3,-1.3204,-0.1087,1.6695,,25.748,37.331,39.205,36.522,31.6055,26.179,20.9425,16.6315,13.215,10.5095,8.586,7.3,6.2965,5.763,5.5945,5.347,5.2695,5.3725,5.2295,5.3265
MCZ,172545,Mexico,Guerrero,Omilteme,1,17.5507478,-99.666987,guerrerensis,3,0,0,169,196,41,23.9,20.5,10.8,9.8,-1.5819,0.0141,2.9492,,30.695,41.647,41.3635,36.794,30.744,24.5535,19.079,14.7755,11.514,9.333,7.8985,6.721,5.944,5.566,5.4645,5.413,5.9205,6.201,7.003,8.4565
USNM,185538,Mexico,Guerrero,Omilteme,1,,,guerrerensis,3,0,0,166,189,41.5,22.1,20.5,10.7,9.5,5.2076,3.7531,0.436,,29.426,38.4585,40.358,38.614,35.127,30.69,26.3035,22.591,19.6755,17.575,16.0045,15.0575,14.3455,13.829,13.8405,14.0675,14.5635,15.2375,16.109,16.506
USNM,185539,Mexico,Guerrero,Omilteme,1,,,guerrerensis,3,0,0,164,196,42.2,23.5,20.4,11.6,10.5,-3.273,1.3806,1.0934,Type specimen,20.979,30.22,32.1005,29.9395,25.9465,21.256,16.9405,13.3045,10.552,8.692,7.251,6.4285,5.9425,5.5355,5.5955,6.0075,6.2565,6.7715,7.2185,7.9485
USNM,185540,Mexico,Guerrero,Omilteme,1,,,guerrerensis,3,0,1,167,188,41.5,21.5,20,11.4,9.5,-2.0903,1.7248,1.2553,,24.5305,32.234,33.107,30.618,26.662,22.024,17.7895,14.3165,11.615,9.774,8.5135,7.681,7.182,6.9425,6.8575,6.8615,7.432,8.067,8.119,9.0755
USNM,185541,Mexico,Guerrero,Omilteme,1,,,guerrerensis,3,0,1,166,189,41.8,22,20.2,10.6,9.5,0.5576,3.1334,1.2713,,28.5685,35.177,35.0595,31.853,27.5585,23.201,19.4255,16.35,13.961,12.407,11.3325,10.755,10.314,10.12,10.072,10.1935,10.988,12.1165,12.594,13.474
USNM,185542,Mexico,Guerrero,Omilteme,1,,,guerrerensis,3,0,0,167,192,41.5,23.4,20.8,11,9.9,-0.9457,2.0032,1.8008,,30.5925,36.139,34.8005,30.948,26.365,21.989,18.044,14.8105,12.379,10.8115,9.674,8.875,8.446,8.167,8.087,8.269,8.549,8.497,8.4845,9.968
USNM,185543,Mexico,Guerrero,Omilteme,1,,,guerrerensis,3,0,0,166,190,42,22.4,21,11.1,10.5,-3.131,1.2552,1.467,,24.334,32.257,32.583,29.562,25.384,20.905,16.7525,13.2825,10.6665,8.7215,7.4045,6.4495,5.9975,5.671,5.655,6.0905,5.997,6.277,7.1105,7.433
USNM,185545,Mexico,Guerrero,Omilteme,1,,,guerrerensis,3,0,0,161,190,42.5,22.5,20.1,11.1,10.5,4.9588,2.1713,1.4101,,32.121,42.935,45.04,42.8665,38.3935,32.812,27.4915,22.915,19.2625,16.686,14.8345,13.4915,12.729,12.2605,12.027,12.1395,12.4595,13.214,13.6065,15.046
MLZ,45972,Mexico,Guerrero,Cerro Tiotepec,2,17.476865,-100.170976,guerrerensis,3,0,0,166,185,43,21.1,20.4,11.4,10,-5.4012,1.4147,1.024,,21.9135,27.9385,26.9835,23.6865,19.6495,15.8365,12.6925,10.234,8.394,7.0025,6.032,5.398,4.921,4.682,4.492,4.1765,4.086,4.435,4.235,4.459
MLZ,44403,Mexico,Chiapas,Teopisca,1,16.545467,-92.474119,unicolor,4,0,1,163,161,34,20.4,19.1,10.2,9.6,7.3024,-0.0312,0.8097,,35.2795,47.2785,49.6665,48.205,44.706,40.024,34.95,29.544,24.6225,20.547,17.2405,14.8295,13.074,11.6995,10.9485,10.4305,10.1275,10.0775,9.472,9.901
MLZ,45360,Mexico,Chiapas,5 mi SW Ciudad Las Casas,1,16.706187,-92.689818,unicolor,4,0,0,164,165,39.1,20.5,18.8,10.4,9,2.2732,-0.077,-0.332,,24.2905,35.4435,38.9575,38.924,36.753,33.234,28.824,24.152,19.7465,16.0475,13.1095,11.0375,9.4155,8.2715,7.591,6.9115,6.582,6.1935,5.421,4.9035
MLZ,45361,Mexico,Chiapas,5 mi SW Ciudad Las Casas,1,16.706187,-92.689818,unicolor,4,0,0,161,163,40.2,20.4,19.5,10,9.7,-2.4708,0.7078,-1.4823,Beak discoloration indicates juvenility but no gray patches on the wings. ,15.545,24.0055,26.8965,27.0905,25.97,23.9635,21.2365,18.187,15.0695,12.2985,9.926,8.104,6.8005,5.8215,5.3005,4.7305,3.9855,3.536,2.0755,1.4725
MLZ,50498,Mexico,Chiapas,5 mi SW Ciudad Las Casas,1,16.706187,-92.689818,unicolor,4,0,1,157,157,41.5,20.5,18,9.9,9.3,0.1377,0.9475,-0.4346,,19.934,30.5955,33.728,33.7155,32.1005,29.014,24.9835,20.8555,16.8955,13.736,11.2945,9.357,8.0605,7.371,6.986,6.753,6.7485,7.4485,8.013,9.148
MLZ,50539,Mexico,Chiapas,5 mi SW Ciudad Las Casas,1,16.706187,-92.689818,unicolor,4,0,1,162,161,42.1,20.4,19,10.1,9.5,-1.5133,-0.22,0.4997,Tail feathers bent/ broken,22.4425,32.8695,35.0975,33.738,30.8775,27.203,22.864,18.5075,14.65,11.541,9.01,7.277,6.1115,5.383,4.9635,4.7115,4.4775,4.4075,4.3305,4.292
MLZ,56726,Mexico,Chiapas,5 mi SW Ciudad Las Casas,1,16.706187,-92.689818,unicolor,4,0,0,159,165,42.6,20.6,19.5,10.4,10.6,1.2615,3.6399,-2.0162,,16.6275,24.1505,27.5805,28.229,27.373,25.805,23.555,20.8245,18.025,15.747,13.92,12.624,11.652,11.022,10.7835,10.663,10.5495,10.9545,10.768,11.578
MLZ,56728,Mexico,Chiapas,5 mi SW Ciudad Las Casas,1,16.706187,-92.689818,unicolor,4,0,1,154,162,40,19.9,19.2,9.5,10,-2.9486,1.503,-0.817,Top and bottom of the beak is chipped: affects beak depth,16.5095,23.877,26.414,26.4115,24.944,22.4475,19.4065,16.186,13.1575,10.7435,8.86,7.608,6.7025,6.0635,5.7345,5.5715,5.409,5.7355,5.3845,5.267
MLZ,56736,Mexico,Chiapas,5 mi SW Ciudad Las Casas,1,16.706187,-92.689818,unicolor,4,0,1,163,168,41.9,20.4,18.6,10.3,8.8,-1.1143,2.6501,-1.3024,,16.022,23.5795,26.714,27.4945,26.482,23.9885,20.8805,17.68,14.8505,12.601,10.9125,9.8505,9.026,8.4865,8.293,8.1485,7.976,8.3735,8.4165,8.5295
MLZ,56738,Mexico,Chiapas,5 mi SW Ciudad Las Casas,1,16.706187,-92.689818,unicolor,4,0,1,160,164,40.5,20.1,18.4,10,9.6,3.2408,1.2227,-1.1744,,22.136,32.298,36.1715,37.156,36.176,33.3885,29.533,25.275,21.0475,17.5485,14.5775,12.561,11.173,10.106,9.3845,8.8935,8.6345,8.775,8.6445,8.388
UMMZ,109294,Mexico,Chiapas,"San Cristobal, 9 mi SE",1,16.6341336,-92.5334962,unicolor,4,0,1,157,162,42.1,21.1,19.5,9.6,9.2,0.9623,0.0304,-2.1577,,17.564,28.362,32.655,33.362,32.441,29.8175,26.5125,23.039,19.5385,16.3125,13.488,11.5315,9.8465,8.3305,7.655,5.7905,4.3835,2.8905,-0.7505,-4.043
USNM,144682,Mexico,Chiapas,San Cristobal,1,,,unicolor,4,0,0,160,170,41.5,20.6,18.5,10.5,9.4,2.3023,0.0113,1.133,,26.962,39.3855,43.175,42.216,38.982,34.213,28.4725,23.101,18.374,14.589,11.7535,9.674,8.452,7.8855,7.367,7.493,8.141,8.56,9.7975,11.02
USNM,144683,Mexico,Chiapas,San Cristobal,1,,,unicolor,4,0,0,165,180,42.5,20,19.5,10.2,9.2,9.1962,1.1811,-0.3834,,31.019,43.2275,48.531,49.421,47.225,43.181,37.935,32.6195,27.461,23.0765,19.5285,16.868,14.9855,13.7855,13.0465,12.9235,12.9675,13.0435,14.339,15.202
USNM,144684,Mexico,Chiapas,San Cristobal,1,,,unicolor,4,0,1,164,172,41.8,19.3,18.3,10.1,9.3,9.4003,1.2313,0.3617,,32.1685,45.978,51.57,51.607,48.521,43.63,37.8785,31.8605,26.511,22.2415,18.885,16.5645,15.0685,13.923,13.4875,13.391,13.749,14.4575,15.3785,16.1995
WFVZ,3543,,Chiapas,"San Cristobal de las Casas, 9 mi SE",1,16.6341336,-92.5334962,unicolor,4,0,0,171,181,40.8,21.2,21.6,11,9.8,-0.34,-1.9455,-1.2093,,23.1265,32.171,34.6405,34.155,32.6425,29.199,25.4985,21.57,17.805,14.5405,11.5295,9.6365,8.069,6.4745,5.4585,3.5355,0.688,-2.8215,-7.942,-14.54
WFVZ,3786,,Chiapas,"San Cristobal de las Casas, 5 mi SE",1,16.6791312,-92.5851674,unicolor,4,0,1,160,165,42.5,19.2,17.5,10,9.4,-1.773,-2.482,-2.9246,Tail feathers bent/ broken,15.8865,25.3985,29.627,30.552,29.6975,27.354,24.488,21.143,17.659,14.5815,11.629,9.565,7.487,5.473,4.3975,1.686,-1.636,-6.3645,-14.659,-25.455
WFVZ,4786,,Chiapas,"Pueblo Nuevo, Rancho Yerba Buena",1,17.1674458,-92.9001745,unicolor,4,0,0,161,171,41.3,21.1,18.8,10.2,9.5,-0.562,-0.6115,1.1022,,27.203,36.832,38.311,36.4505,32.9375,28.397,23.452,18.8725,14.991,11.8745,9.62,8.0775,6.8435,6.0965,5.7115,5.146,4.7215,3.7825,2.5575,1.945
WFVZ,4787,,Chiapas,"Pueblo Nuevo, Rancho Yerba Buena",1,17.1674458,-92.9001745,unicolor,4,0,0,160,170,41.7,20,18,10,9,-2.9754,-3.1442,-1.5596,,19.2155,28.602,31.6645,31.588,29.561,26.453,23.0345,19.2775,15.5785,12.3455,9.3775,7.3885,5.5775,3.747,2.6015,0.192,-2.7145,-6.5175,-13.7245,-23.34
WFVZ,4859,,Chiapas,"Pueblo Nuevo, near; Yerba Buena",1,17.1674458,-92.9001745,unicolor,4,0,1,164,169,42.4,20.8,19.4,10.2,9.4,-1.0373,-2.5779,-1.1926,Beak chipped,22.1915,32.1485,34.7265,34.204,32.2135,28.989,25.379,21.4195,17.5675,14.1765,11.0775,8.751,6.9055,5.257,4.08,1.885,-1.013,-3.4525,-8.1495,-16.695
WFVZ,9263,,Chiapas,Tierra Blanca,1,16.0841628,-91.7501492,unicolor,4,0,0,163,168,41.2,21.1,19.3,10.4,9.6,-0.7398,-4.6847,-0.3564,,27.97,38.285,40.402,38.753,35.517,31.2015,26.704,22.0805,17.7015,13.844,10.4245,8.3505,6.395,4.3205,3.2395,0.2305,-3.394,-8.0115,-16.487,-27.712
WFVZ,9264,,Chiapas,Tierra Blanca,1,16.0841628,-91.7501492,unicolor,4,0,0,156,165,41.2,19.5,17.4,9.6,8.4,5.9651,-3.2933,-1.896,,30.6315,42.4935,45.511,45.049,42.837,39.5135,35.674,31.266,26.7495,22.504,18.4485,15.3335,12.5615,10.074,8.637,5.571,1.3605,-2.715,-9.7255,-21.4285
WFVZ,9266,,Chiapas,Tierra Blanca,1,16.0841628,-91.7501492,unicolor,4,0,1,159,168,41.9,20.6,19.6,9.8,9.1,0.3141,-1.3409,-1.4426,,19.663,31.433,35.2175,35.2085,33.6885,31,27.339,23.371,19.4335,15.5835,12.2895,9.916,7.857,6.185,5.2815,4.1005,2.2005,0.659,-1.65,-4.9825
WFVZ,9267,,Chiapas,Tierra Blanca,1,16.0841628,-91.7501492,unicolor,4,0,1,166,172,43.2,20.1,18.3,9.8,9.2,4.5752,-4.4315,-1.1973,,30.4755,43.69,47.2445,46.431,43.7575,39.4855,34.8625,29.769,24.6855,20.236,16.007,13.1305,10.603,8.2995,6.8445,3.7825,-0.16,-4.885,-13.275,-25.9585
WFVZ,9268,,Chiapas,Tierra Blanca,1,16.0841628,-91.7501492,unicolor,4,0,1,155,163,41.8,21.5,19.9,10,9.2,0.8896,-0.4698,-0.3182,,25.0465,34.626,36.7095,35.7265,33.5665,30.3855,26.4145,22.2125,18.355,14.952,12.179,10.1595,8.494,7.251,6.679,5.803,5.053,3.367,1.491,0.2315
WFVZ,9269,,Chiapas,Tierra Blanca,1,16.0841628,-91.7501492,unicolor,4,0,0,159,170,43.4,22,19.4,9.9,9,3.4521,-6.0476,0.0782,,32.81,47.277,50.916,49.9815,46.464,41.081,35.2245,28.9695,22.989,17.9235,13.5045,10.613,8.055,5.627,4.2605,1.596,-2.321,-7.016,-15.239,-26.366
WFVZ,9270,,Chiapas,Tierra Blanca,1,16.0841628,-91.7501492,unicolor,4,0,0,160,172,42.6,21.5,18,9.8,9.4,-0.2724,-2.0561,-0.6623,,23.4665,33.777,36.4915,35.943,33.7675,30.324,26.5755,22.361,18.154,14.4475,11.2025,8.9335,6.958,5.3935,4.576,3.075,1.0305,-1.0635,-4.2565,-6.9355
WFVZ,9271,,Chiapas,Tierra Blanca,1,16.0841628,-91.7501492,unicolor,4,0,1,163,169,41.9,19.4,18.4,10.5,9.9,1.447,-0.0913,-0.0583,,28.151,35.818,36.91,35.576,33.1425,29.9655,26.349,22.408,18.682,15.445,12.7995,10.8465,9.101,8.0845,7.489,6.483,5.634,4.445,3.16,1.839
WFVZ,9272,,Chiapas,Tierra Blanca,1,16.0841628,-91.7501492,unicolor,4,0,1,160,168,42.6,21.1,19.5,10.2,9.5,3.5402,-1.0609,-1.2532,Beak chipped,25.713,36.7545,39.821,39.597,37.8745,34.9975,31.435,27.1095,22.7945,18.82,15.3265,12.7775,10.642,8.922,7.903,6.355,4.6105,2.986,0.258,-3.5905
WFVZ,9273,,Chiapas,,1,16.1008319,-91.7334789,unicolor,4,0,1,170,178,42,21.1,19,11,10.2,-1.6904,-4.8733,-1.0359,,22.9365,34.1555,37.8205,37.557,35.0945,31.2875,26.9415,22.0685,17.4425,13.4225,9.863,7.4605,5.238,3.123,2.0105,-0.7245,-4.356,-9.236,-16.59,-26.8765
WFVZ,9275,,Chiapas,,1,16.1008319,-91.7334789,unicolor,4,0,1,164,171,43.5,20.6,19,10.6,9.3,1.6824,-7.4242,-0.11,,28.883,45.847,50.6585,49.7795,46.1235,40.742,34.6775,28.077,21.929,16.59,11.7935,8.5,5.6905,3.088,1.7215,-1.411,-5.43,-10.4115,-19.587,-31.065
WFVZ,9278,,Chiapas,Rancho Yerba Buena,1,17.1674458,-92.9001745,unicolor,4,0,0,166,170,43.2,19,18,9.9,9.5,2.1576,0.5265,-0.0498,Beak chipped,27.294,36.0625,37.6535,36.4255,34.0955,30.9105,27.074,22.9635,19.294,16.098,13.376,11.341,9.821,8.749,8.109,7.7865,7.097,6.3485,6.5125,7.401
WFVZ,9279,,Chiapas,Rancho Yerba Buena,1,17.1674458,-92.9001745,unicolor,4,0,1,165,166,42.5,21,18.9,10.1,9.7,-2.6648,-4.2446,-0.1854,,23.213,34.632,37.5075,36.29,33.3205,29.1135,24.7615,20.189,15.7465,11.971,8.46,6.114,4.131,2.2025,1.209,-0.979,-3.937,-7.038,-11.491,-16.1875
WFVZ,9280,,Chiapas,Rancho Yerba Buena,1,17.1674458,-92.9001745,unicolor,4,0,0,166,174,44.3,22.9,21,10.7,9.6,0.0457,0.481,0.5115,,26.7995,34.804,35.461,33.76,30.918,27.383,23.468,19.636,16.2425,13.294,10.9565,9.292,8.084,7.2485,6.809,6.621,6.1755,5.8465,5.788,5.3325
WFVZ,9281,,Chiapas,Rancho Yerba Buena,1,17.1674458,-92.9001745,unicolor,4,0,1,159,165,41.1,21.5,18.5,9.5,8.7,-1.491,-2.1419,-1.2932,,20.2825,30.1015,33.367,33.0925,31.4,28.2695,24.653,20.8005,16.932,13.5065,10.4465,8.459,6.656,5.042,4.239,2.2005,-0.2535,-2.9855,-7.6245,-13.4315
WFVZ,11090,,Chiapas,"Las Margaritas, 13 mi NE; near La Soledad",1,16.5524784,-91.7651499,unicolor,4,0,1,154,163,43.5,22.6,20,9.9,8.9,-0.6969,-6.6002,-2.1921,,20.6465,34.877,39.6785,40.119,38.504,35.1755,31.0465,26.176,21.0455,16.2095,11.5375,8.2075,5.4585,2.562,0.6225,-2.7365,-7.088,-12.6715,-22.0105,-35.2555
WFVZ,11091,,Chiapas,"Las Margaritas, approx 33 mi NE; Finca Patichuiz",1,16.7591278,-91.7084788,unicolor,4,0,0,168,179,44,22.8,21.1,10.6,9.3,-0.9711,-2.2024,-2.2665,,20.025,28.4685,31.3865,31.683,30.3515,27.7715,24.898,21.573,18.2155,15.151,12.007,9.8805,8.0745,6.1645,5.0855,2.4395,-1.124,-4.827,-11.596,-20.5785
WFVZ,11092,,Chiapas,"San Cristobal de las Casas, approx 12 mi SE",1,16.5841362,-92.5168358,unicolor,4,0,0,161,172,44.2,19.2,17,10.1,9.5,-0.9767,-3.6089,-1.0716,,24.382,34.4145,36.411,35.3815,33.065,29.663,26.2445,22.0905,18.0185,14.402,11.0335,8.7465,6.5305,4.582,3.689,0.976,-2.5535,-7.0525,-13.776,-18.637
WFVZ,11093,,Chiapas,"San Cristobal de las Casas, approx 12 mi SE",1,16.5841362,-92.5168358,unicolor,4,0,1,159,164,43.3,20.8,18.5,10.6,8.9,-1.4775,-3.6271,-0.4612,,22.9125,34.2955,37.468,37.1095,34.816,31.169,26.7235,21.891,17.3535,13.3595,9.7545,7.1345,5.0205,3.239,2.17,0.297,-2.146,-5.0305,-7.3395,-11.8855
WFVZ,11094,,Chiapas,"San Cristobal de las Casas, approx 12 mi SE",1,16.5841362,-92.5168358,unicolor,4,0,1,156,166,42.4,19.7,17.4,9.4,8.6,-1.4689,-3.7435,-1.5246,,20.179,31.581,35.5935,35.5645,33.687,30.35,26.5515,22.1645,17.8345,14.097,10.6215,8.1845,5.962,4.0355,2.8055,0.119,-3.2025,-7.1595,-12.001,-19.7445
WFVZ,11095,,Chiapas,"San Cristobal de las Casas, approx 12 mi SE",1,16.5841362,-92.5168358,unicolor,4,0,0,163,171,41.8,19.3,18,10,9.5,-3.081,-4.4764,-0.2254,,24.289,34.613,36.605,35.0915,32.0385,28.046,23.7195,19.3385,15.121,11.3895,8.0245,5.929,4.2295,2.413,1.373,-0.9805,-4.5655,-8.517,-14.488,-23.9215
MCZ,273091,Mexico,Chiapas,Barranca Honda,2,15.5175319,-92.518495,unicolor,4,0,0,161,170,41.3,17.9,16.8,10,8.9,9.1773,4.0958,-2.1974,,24.128,35.362,40.0885,41.2215,40.3815,38.025,34.7025,30.7815,26.836,23.7105,21.265,19.5215,18.051,17.166,16.514,16.14,16.432,16.498,15.945,15.5575
MCZ,273096,Mexico,Chiapas,Rodeo,2,15.4758643,-92.2718298,unicolor,4,0,1,157,167,42.9,19.4,18,9.9,8.5,4.07,-1.1922,1.9631,,37.7005,47.5095,47.852,44.8855,41.0225,36.1675,30.836,25.363,20.4195,16.4975,13.4405,11.2705,9.679,8.6035,7.7845,6.9095,6.3045,6.746,6.6415,6.5065
MLZ,37464,Mexico,Chiapas,Volcan Tacana,2,15.123741,-92.119715,unicolor,4,0,1,161,161,42.1,19.6,18.1,10,9.2,3.0907,1.7093,-1.2993,,22.055,30.9295,34.6025,35.606,34.619,32.2395,28.852,24.7305,20.82,17.5275,14.8025,12.7705,11.359,10.314,9.652,9.3155,9.3085,9.4215,9.2715,10.283
MLZ,37471,Mexico,Chiapas,Volcan Tacana,2,15.123741,-92.119715,unicolor,4,0,1,158,153,40.3,19.7,18.6,10.2,9.2,-0.8909,1.7299,-2.0327,,14.829,22.123,26.2065,28.0585,27.842,26.129,23.3675,20.032,16.6955,13.8635,11.587,9.915,8.7235,7.7465,7.201,6.585,6.2415,6.534,6.0885,5.498
MLZ,37602,Mexico,Chiapas,Volcan Tacana,2,15.123741,-92.119715,unicolor,4,0,1,159,155,40.8,19.5,18.4,8.9,8.4,3.0663,4.4869,-3.7954,"Beak is cracked, missing bits. Affected beak depth and width measurements",12.8305,19.8485,24.455,26.957,28.147,28.1485,26.702,24.4255,21.811,19.2795,17.1315,15.2735,13.8765,12.815,12.3725,12.308,12.168,12.0255,12.24,13.3515
MLZ,37608,Mexico,Chiapas,Volcan Tacana,2,15.123741,-92.119715,unicolor,4,0,1,166,170,42.8,19.3,17.4,9.9,9.3,0.6389,2.8126,-1.4948,,17.967,25.583,28.605,29.2865,28.342,26.4135,23.669,20.6035,17.538,14.8635,12.8505,11.3075,10.258,9.5825,9.264,9.4395,9.248,9.8545,10.1365,10.7615
MLZ,37610,Mexico,Chiapas,Volcan Tacana,2,15.123741,-92.119715,unicolor,4,0,0,167,168,40.5,19.5,19,10.5,9.1,1.3501,1.7372,-1.6343,,18.621,27.0535,31.205,32.3615,31.61,29.3905,26.3135,22.642,18.932,15.9315,13.5035,11.6205,10.207,9.171,8.5285,8.25,8.113,7.956,7.9055,8.18
UMMZ,102733,Mexico,Chiapas,"Volcn Tacan, Chiquihuite",2,15.067556,-92.0834855,unicolor,4,0,0,164,162,43.5,20.8,20.3,10,9.1,12.8198,-1.9937,-1.0263,,38.157,53.286,57.62,57.646,55.15,50.396,44.7465,38.5015,32.65,27.811,23.412,20.5595,17.9815,15.7965,14.335,11.69,8.595,5.705,-0.2185,-8.6865
UMMZ,102735,Mexico,Chiapas,"Volcn Tacan, W slope",2,15.1325525,-92.1668273,unicolor,4,0,0,167,171,42.4,20.9,19.2,10.3,9.4,3.2269,-0.9233,-2.4166,,19.9895,31.9035,37.125,38.2245,37.3655,35.1085,31.932,27.6725,22.994,18.9195,15.3455,12.934,11.0315,9.216,8.1135,6.4325,4.736,2.353,-2.8825,-8.2735
UMMZ,102737,Mexico,Chiapas,"Volcn Tacan, W slope",2,15.1325525,-92.1668273,unicolor,4,0,0,158,169,42,20,19,10.5,9,3.74,-1.0264,0.9224,,32.0785,42.915,45.5275,44.415,40.678,35.9235,30.557,25.297,20.493,16.606,13.5555,11.4155,9.9805,9.025,8.1825,6.9785,5.946,5.9155,4.2645,2.6595
WFVZ,15031,,Chiapas,Niquivil,2,15.2558759,-92.2068282,unicolor,4,0,1,160,165,43.5,18.5,18.4,9.5,8.6,0.6549,-2.0395,-0.7602,Tail feathers bent/ broken,27.6455,35.585,37.143,35.6765,33.182,29.885,26.293,22.4575,18.6675,15.3835,12.386,10.4995,8.7735,7.0005,6.379,4.334,1.6995,-2.2685,-8.2745,-16.868
MCZ,147269,Guatemala,,Tecpam,3,,,unicolor,4,0,0,169,172,41.4,22,19,10.8,9.5,6.9402,1.2682,0.1537,,30.51,42.8195,46.0005,45.1645,42.4355,38.633,33.9565,29.0435,24.2225,20.181,17.091,14.9,13.4045,12.4865,11.939,11.842,11.881,12.494,12.679,13.0835
MCZ,147270,Guatemala,,Tecpam,3,,,unicolor,4,0,0,165,171,41.5,19.8,18.1,10.1,9.1,7.3744,1.0678,-1.4842,,25.8725,38.1445,43.1595,44.118,42.5365,39.6955,35.6575,31.1265,26.467,22.2565,18.8955,16.262,14.1835,12.8625,11.918,11.39,10.577,10.167,10.3125,9.649
USNM,349641,Guatemala,,"Sierra Santa Elena, Tecpam",3,,,unicolor,4,0,1,158,160,42.2,19.8,18.4,10.5,9.6,1.9264,0.9513,-0.0717,,24.342,34.5955,37.3725,36.885,34.638,31.0415,26.9115,22.6365,18.5615,15.1975,12.6795,10.891,9.6365,8.8365,8.4815,8.1285,8.064,8.1325,8.6665,8.4245
MCZ,193818,Guatemala,Zacapa,Usumatlan,4,,,unicolor,4,0,0,167,171,44.1,20.5,19.2,11.1,9.9,2.8798,0.8104,-0.5288,,23.5665,34.4705,38.5735,38.8295,36.571,32.7485,28.297,23.9405,19.9475,16.5155,13.9075,12.1,10.6685,9.7185,8.882,8.256,8.021,8.056,7.4015,7.5185
UMMZ,155295,Guatemala,Zacapa,"Usumatlan, 9 Mi NW",4,15.0833333,-90.0666667,unicolor,4,0,0,161,171,42.5,20.8,19.5,10,9.3,-0.6756,0.4129,-0.209,,22.504,31.5415,33.727,32.6675,29.8915,26.2605,22.334,18.592,15.2705,12.724,10.7745,9.274,8.1625,7.3795,6.8445,5.9995,4.941,4.5185,2.5475,-0.2225
UMMZ,155296,Guatemala,Zacapa,"Usumatlan, 7 Mi NW",4,,,unicolor,4,0,1,154,164,42.4,19,17.9,10.1,8.6,2.8955,0.2571,0.3049,,29.573,38.4945,40.164,38.714,35.9625,32.3905,28.2115,24.016,19.9125,16.4275,13.7105,11.5255,10.009,9.167,8.641,8.0575,7.4455,7.1265,6.217,5.7325
UMMZ,155297,Guatemala,Zacapa,"Usumatlan, 9 Mi NW",4,,,unicolor,4,0,0,161,165,43.6,20.2,19.8,10.8,10.2,9.2469,-5.7204,1.9383,,42.4555,61.267,65.394,63.18,58.34,51.294,43.611,35.934,28.5545,22.4165,17.297,13.586,10.874,8.8905,7.3525,5.135,3.6535,0.113,-3.729,-8.5315
USNM,103227,Guatemala,,,,,,unicolor,4,0,,170,172,41.8,20.7,19,11.5,9.4,-1.0589,1.0126,-1.7038,,15.6265,24.675,28.5845,29.3395,28.265,26.1005,23.2925,19.959,16.6705,13.732,11.215,9.4955,8.1235,7.1635,6.44,5.7315,5.174,4.755,4.2505,3.4545
USNM,103228,Guatemala,,,,,,unicolor,4,0,,155,160,40.4,18.6,18.3,10,8.8,7.1007,-0.4183,-0.0336,,30.2195,43.883,48.2165,48.2835,45.8025,42.098,37.284,31.698,26.158,21.284,17.1975,14.081,11.9315,10.564,9.8975,9.4775,9.575,9.812,10.26,11.0285
MCZ,18548,,,,,,,griscomi,5,0,0,161,170,41.4,21.5,18.5,10,9.2,-1.7173,-3.3836,0.0194,,25.8475,37.046,39.158,36.606,32.2845,27.1965,22.527,18.4055,14.8845,12.141,9.393,7.787,6.748,5.4205,3.8385,1.298,-1.941,-5.7005,-14.504,-23.734
MCZ,158488,Honduras,,Rancho Quemado,,,,griscomi,5,0,1,167,168,42.1,20.4,17.5,10.9,9.6,-1.0189,-3.1382,0.2734,,24.4925,37.1575,40.6365,39.487,35.9165,30.5625,24.8395,19.778,15.5225,12.308,9.4855,7.755,6.362,4.8205,3.7145,1.8685,-0.3515,-3.0615,-8.51,-15.645
MCZ,158490,Honduras,,El Darrumbo,3,,,griscomi,5,0,1,164,169,43.5,20.6,18.5,10.8,9.2,-0.1066,-2.7843,1.2296,,34.7755,41.873,41.512,38.143,33.628,28.802,24.168,19.712,16.007,13.1245,10.3835,8.7505,7.386,6.083,5.2115,3.2675,0.5525,-2.2585,-8.498,-16.2065
MCZ,158491,Honduras,,El Darrumbo,3,,,griscomi,5,0,1,159,161,42.5,21.6,18.2,10.5,9.5,-0.3126,-1.0926,0.1357,Lower beak broken,28.8775,35.9415,36.113,33.9115,30.8105,26.955,23.0735,19.13,15.815,13.3545,11.0055,9.5415,8.6045,7.2995,6.428,4.651,2.5285,0.1945,-4.669,-10.7385
MCZ,161936,Honduras,,Rancho Quemado,,,,griscomi,5,0,0,161,161,43.1,23.4,19.8,10.5,10.2,0.2643,0.0714,-1.3877,,21.784,30.2765,33.2055,32.458,29.999,26.659,23.181,19.844,16.9615,14.7265,12.604,11.218,10.32,9,7.8575,6.4545,4.1585,1.648,-3.8405,-11.449
MCZ,161937,,,,,,,griscomi,5,0,1,159,165,41.2,20.4,19.3,10.6,9.3,-3.8864,-2.4558,-1.5347,,17.75,27.072,29.748,29.0325,26.906,23.5115,19.9385,16.5115,13.3545,10.9235,8.5785,7.142,5.798,4.264,3.2345,1.1535,-2.3825,-6.3,-14.54,-26.103
MCZ,169907,Honduras,Lempira,Cerro Santa Maria,2,,,griscomi,5,0,1,160,165,40.5,22.4,19.3,11.2,10.3,-3.4122,-4.0226,0.1645,,24.487,34.945,37.2875,35.5405,31.17,25.955,21.1825,16.78,13.1005,10.2855,7.586,5.957,4.7625,3.3245,2.091,-0.1175,-3.9915,-7.7365,-15.9355,-26.0125
MCZ,169908,Honduras,,Alto Cantoral,4,,,griscomi,5,0,1,165,176,43.5,21.5,17.8,10.8,10.1,-4.2235,-2.8109,-1.0111,,19.625,28.684,31.0805,29.8545,26.737,22.87,19.3455,15.809,12.6905,10.3655,7.918,6.501,5.1785,3.638,2.8415,0.695,-2.9395,-6.648,-15.343,-26.968
MCZ,169909,Honduras,,Alto Cantoral,4,,,griscomi,5,0,1,166,170,43.2,22.4,20,10.7,9.6,2.3176,-3.5613,0.4616,,33.15,44.5665,46.6505,44.1175,39.4545,33.72,28.2705,23.277,19.1175,15.82,12.8745,11.096,9.6265,7.8235,6.5305,4.198,0.713,-3.57,-12.2685,-23.748
MCZ,169910,Honduras,,Alto Cantoral,4,,,griscomi,5,0,0,167,173,43.3,22.6,20,11.5,10.5,0.2017,-3.6708,1.1466,,32.9745,43.7635,45.012,41.7495,36.3105,30.156,24.7775,20.0685,16.095,13.113,10.368,8.8255,7.618,6.2025,5.1545,3.024,-0.2635,-4.181,-13.444,-23.766
MCZ,169911,Honduras,,Alto Cantoral,4,,,griscomi,5,0,1,161,164,40.1,21.4,18.9,10.5,9.6,-4.53,-4.3378,-1.0312,,17.407,29.191,33.689,33.56,30.459,26.047,21.44,16.9085,13.053,9.9365,7.0315,5.288,3.759,2.1045,0.8775,-1.295,-5.187,-9.121,-18.523,-30.3995
MCZ,169912,Honduras,,Alto Cantoral,4,,,griscomi,5,0,0,161,169,43.5,21.6,19.2,10.5,10,-0.1002,-3.6701,0.7794,,28.4985,41.728,44.702,42.2775,37.2985,30.9845,25.37,20.255,15.9135,12.9205,10.1915,8.4655,7.1715,5.7265,4.3815,2.1515,-0.603,-3.701,-11.206,-21.056
MCZ,169913,Honduras,,Alto Cantoral,4,,,griscomi,5,0,0,170,175,42.3,22,19.1,10.6,9.5,-6.2749,-3.7497,-0.7526,,17.148,27.2165,30.421,29.2415,25.824,21.426,17.365,13.5055,10.346,7.985,5.607,4.2285,3.0535,1.497,0.212,-1.9205,-4.984,-8.934,-17.9425,-31.06
MCZ,169914,Honduras,,Alto Cantoral,4,,,griscomi,5,0,0,167,171,42.6,20.9,18.5,11,10.5,-0.3103,-3.9456,0.8465,,30.172,41.8525,44.114,41.919,36.8255,30.6775,24.9525,19.841,15.6875,12.768,10.0695,8.3675,7.153,5.377,4.168,2.127,-1.6265,-4.7185,-12.765,-23.954
MCZ,265274,Honduras,,"Mount Pucca, Gracias",2,,,griscomi,5,0,,164,165,41.3,22.9,19.9,10.2,9.8,1.8927,1.3144,-0.4297,,24.3985,32.8035,35.593,35.3045,33.0915,29.855,26.0535,22.0595,18.423,15.557,13.037,11.3815,10.294,9.591,9.034,8.8345,8.4645,7.8995,7.2075,5.487
MCZ,265275,Honduras,,"Mount Pucca, Gracias",2,,,griscomi,5,0,0,173,174,41.4,21.6,19.4,10.4,9.6,-1.9139,-0.0247,-0.5603,,20.2785,29.2975,31.583,30.762,28.14,24.6235,20.8755,17.261,14.2575,11.864,9.6395,8.4145,7.495,6.626,5.744,4.532,3.4255,1.87,-0.909,-4.4535
MCZ,265276,Honduras,,"Mount Pucca, Gracias",2,,,griscomi,5,0,0,176,169,43.9,22.2,19.3,11,10.2,-1.6595,-3.2696,0.6647,,25.6115,37.121,40.0575,38.788,35.2535,30.0045,24.461,19.3575,14.933,11.546,8.59,6.6655,5.343,4.003,2.7275,1.1085,-0.7105,-3.16,-7.4155,-12.149
MCZ,265277,Honduras,,"Mount Pucca, Gracias",2,,,griscomi,5,0,1,167,165,41.5,22.4,19.5,10.9,10.2,-0.1897,1.0033,-1.2318,,19.566,27.551,30.889,31.2715,29.641,26.8005,23.3455,19.6945,16.425,13.8525,11.7505,10.353,9.3995,8.516,7.6365,6.6675,5.6535,4.1525,3.1295,1.1695
MCZ,265278,Honduras,,"Mount Pucca, Gracias",2,,,griscomi,5,0,0,175,169,42.9,23.6,20,11.1,10.6,-1.4572,-1.5167,1.6717,,25.8005,38.2695,41.089,39.126,34.4095,28.6745,22.8925,17.5645,13.329,10.396,8.1325,6.645,5.6095,4.707,3.966,3.2115,2.962,2.873,1.531,0.9205
MCZ,265279,Honduras,,"Mount Pucca, Gracias",2,,,griscomi,5,0,1,165,168,43.8,22.4,18.9,11.1,10.3,-1.2917,-2.3222,0.128,,23.2705,34.97,38.4175,37.4225,34.024,29.271,24.1775,19.2915,15.1985,12.1365,9.3265,7.6565,6.432,5.0235,4.0645,2.664,0.6685,-1.578,-5.613,-11.2355
MCZ,265280,Honduras,,"Mount Pucca, Gracias",2,,,griscomi,5,0,1,173,166,40.8,22.4,20.1,10.3,10,-1.4903,-2.6906,-0.2049,,22.313,33.3965,37.3505,37.4755,34.4415,29.89,24.912,19.9445,15.6345,12.3655,9.326,7.2525,5.975,4.572,3.261,2.134,0.2395,-2.3755,-7.2595,-12.943
MCZ,265281,Honduras,,"Mount Pucca, Gracias",2,,,griscomi,5,0,0,168,170,41.5,21.3,18.8,10.5,9.5,-0.4324,-4.0747,0.4275,,29.5845,40.0875,42.6675,40.8185,36.3025,30.679,25.4745,20.5895,16.2715,13.0625,10.119,8.253,6.984,5.3915,4.0405,1.8565,-1.6905,-5.66,-14.5615,-25.8125
MCZ,265282,Honduras,,"Mount Pucca, Gracias",2,,,griscomi,5,0,1,161,166,42.9,21,18.6,11.1,10.5,1.2169,-0.2239,-0.1014,,26.605,35.323,37.7995,36.783,33.7485,29.683,25.376,21.1285,17.49,14.771,12.218,10.716,9.605,8.599,7.9775,6.5955,4.7685,3.7105,0.7845,-3.284
MLZ,16787,Honduras,Departamento Ocotepeque,El Chorro,1,14.4,-89.23333333,griscomi,5,0,0,168,171,40.8,20.7,17.8,10.5,9.5,-3.9495,2.805,-1.6296,late juvenile,12.964,18.5555,20.9145,21.095,20.089,18.1295,15.821,13.672,11.7305,10.1295,8.908,8.05,7.4455,6.978,6.8865,6.5585,6.205,5.991,5.16,3.662
MLZ,16791,Honduras,Departamento Ocotepeque,El Chorro,1,14.4,-89.23333333,griscomi,5,0,1,163,168,39.9,20.4,16.8,10,9.4,-4.5537,0.6528,0.6978,,20.6785,27.6495,28.491,26.7235,24.0895,20.603,16.73,13.1535,10.186,8.038,6.404,5.255,4.54,4.1045,4.059,3.8765,3.8135,4.1195,4.1555,4.705
MLZ,16965,Honduras,Departamento Ocotepeque,El Chorro,1,14.4,-89.23333333,griscomi,5,0,1,164,173,41.4,20.7,17.7,10.5,10,-2.3659,1.843,0.6891,,20.642,29.7335,31.362,29.796,26.6345,22.572,18.477,14.8305,11.886,9.794,8.427,7.3755,6.7125,6.488,6.685,7.1045,7.553,7.9595,9,8.888
MLZ,16968,Honduras,Departamento Ocotepeque,El Chorro,1,14.4,-89.23333333,griscomi,5,0,,155,160,39.2,21,18.4,10.6,9.5,-1.5425,3.6648,-0.6327,Leg broken in half,18.9235,24.5595,25.6275,24.6775,22.938,20.7155,18.15,15.8055,13.579,11.7915,10.441,9.636,9.0875,8.943,8.99,9.0715,9.9895,10.3,10.9855,13.1595
MLZ,17143,Honduras,Departamento Ocotepeque,Cerro Verde,1,14.516667,-88.75,griscomi,5,0,,162,172,35.2,20.6,16,9.7,9.3,-2.435,2.3798,0.0625,Could be juvenile,18.7175,26.6045,28.768,27.681,25.121,21.8175,18.2845,14.9635,12.2795,10.205,8.761,7.835,7.15,7.0525,7.283,7.4525,7.5135,8.5515,8.948,10.482
UCLA,18357,El Salvador,,Los Esesmiles,1,14.2833333,-89.1166667,griscomi,5,0,0,161,170,41.4,21.5,18.5,10,9.2,-1.7173,-3.3836,0.0194,,25.8475,37.046,39.158,36.606,32.2845,27.1965,22.527,18.4055,14.8845,12.141,9.393,7.787,6.748,5.4205,3.8385,1.298,-1.941,-5.7005,-14.504,-23.734
USNM,348184,Honduras,,Cantoral,4,14.333333,-87.4,griscomi,5,0,0,171,182,43,22.5,20.3,11,10.4,-0.2156,0.9904,1.0105,,26.8755,35.53,36.747,34.383,30.3375,25.5465,21.146,17.39,14.2845,12.0515,10.3905,9.259,8.5585,8.104,7.654,7.2655,6.948,6.8135,6.215,4.6735